id,author,description,price,title,categories
17,	José Mauro de Vasconcelos,"Hãy làm quen với Zezé, cậu bé tinh nghịch siêu hạng đồng thời cũng đáng yêu bậc nhất, với ước mơ lớn lên trở thành nhà thơ cổ thắt nơ bướm. Chẳng phải ai cũng công nhận khoản “đáng yêu” kia đâu nhé. Bởi vì, ở cái xóm ngoại ô nghèo ấy, nỗi khắc khổ bủa vây đã che mờ mắt người ta trước trái tim thiện lương cùng trí tưởng tượng tuyệt vời của cậu bé con năm tuổi.",84240,Cây Cam Ngọt Của Tôi,"Giáo dục, Văn học"
4,	Như Nhiên Thích Tánh Tuệ,"Ai trong đời chẳng từng một lần rơi vào tận cùng nỗi cô đơn, chợt thấy mình yếu đuối, mong manh quá đỗi; chẳng từng một lần chực gục ngã, buông xuôi trong bão giông cuộc đời; chẳng từng một lần chán nản trước thế sự đổi thay, lòng người nguội lạnh; chẳng từng một lần cảm thấy tìm chút bình an trong cuộc đời vô thường sao khó quá…",72000,An Nhiên Giữa Những Thăng Trầm,Self-help
72,Anagarika Govinda,"Đường Mây Qua Xứ Tuyết ghi lại những điều Anagarika Govinda chứng kiến trong thời gian du hành ở Tây Tạng. Hành trình của tác giả diễn ra vào khoảng thập niên 30 đến thập niên 50 của thế kỷ trước, trước thời kỳ diễn biến chính trị phức tạp dẫn đến sự sáp nhập vào lãnh thổ nước Cộng hòa Nhân dân Trung Hoa như hiện nay. Thời điểm đó, một phần phía tây của Tây Tạng bị xem như nằm dưới sự kiểm soát của chính quyền thuộc địa Anh nên việc tác giả đi từ Sri Lanka sang Ấn Độ rồi thâm nhập phía tây Tây Tạng (tất cả đều là thuộc địa của Anh), giấy tờ thông hành đều do người Anh kiểm soát. Về phần sau của hành trình, tác giả đi sâu vào phần phía đông Tây Tạng vốn thuộc sự quản lý của chính quyền Lạt Ma tại Lhasa nên lại phải xin cấp thêm giấy thông hành từ chính quyền này.",80000,Đường Mây Qua Xứ Tuyết,"Văn học, Phiêu lưu"
12,B R O Group,"Cùng trở lại trường học đầy háo hức với Lớp Học Mật Ngữ phiên bản mới - Tập 4 thôi các bạn ơiiiiii!!!
Học tạo cảm hứng với “Bỗng dưng hết hứng”
Các cung hoàng đạo nhà Lớp Học Mật Ngữ đã sẵn sàng trở lại trường lớp cùng tween mình rồi đây. Nếu đang cạn ý tưởng hoặc muốn học cách để lấy cảm hứng thì chắc chắn tập truyện “Bỗng dưng hết hứng” này sẽ cực kỳ “bánh cuốn” đó nha!",20750,Lớp Học Mật Ngữ Phiên Bản Mới - Tập 4,"Giáo dục, Thiếu nhi"
13,B R O Group,"ĐỘC LẠ KẸO NÓI DỐI PINOCCHIO
Tháng Tư là lời nói dối của… lớp Hoàng đạo. Bạn sẽ được một phen cười bò càng với những biến hóa khôn lường từ viên kẹo nhỏ xíu trong tập truyện này.
Mời bạn ăn thử “Kẹo Pinocchio”",20750,Lớp Học Mật Ngữ Phiên Bản Mới - Tập 3,"Thiếu nhi, Giáo dục"
14,B R O Group,"Lớp Học Mật Ngữ Phiên Bản Mới - Tập 2
HHT - Khi cạ cứng tự nhiên quay ra giận đùng đùng. Là có thân dữ chưa? Nếu bạn đã hoặc đang rơi vào tình huống bực bội với bạn mình, Lớp Học Mật Ngữ phiên bản mới Tập 2 chính là cẩm nang để xóa tan hiểu lầm và nạp thêm năng lượng cho chuyến xe tình bạn lại lao đi vun vút.
Hẹn gặp nhau ở “Bùng binh giận dỗi”",20750,Lớp Học Mật Ngữ Phiên Bản Mới - Tập 2,"Thiếu nhi, Giáo dục"
10,B R O Group,"Mới ngày nào khai giảng, tháng 10 đã đến với lịch kiểm tra giữa học kỳ, rồi thi học kỳ I cũng sẽ ìn ìn nối đuôi theo. Đừng vội bị xịt keo cảm hứng, Lớp Học Mật Ngữ phiên bản mới Tập 5 sẽ tặng bạn bí kíp để hệ vi xử lý não bộ chạy siêu mượt.",20750,Lớp Học Mật Ngữ Phiên Bản Mới - Tập 5,"Thiếu nhi, Giáo dục"
11,B R O Group,"Mùa lễ hội đã tưng bừng khắp nơi. Màu lấp lánh của Noel, của năm mới, đã tới sát sàn sạt rồi. Nhưng càng cuối năm nước rút, càng dễ bị pressing (áp lực) bởi vô vàn thử thách xung quanh. Nào, nhảy vào gỡ nút thắt cùng các bạn trường Ngân Hà nha!",20750,Lớp Học Mật Ngữ Phiên Bản Mới - Tập 6,"Giáo dục, Thiếu nhi"
15,B R O Group,"PHIÊN BẢN NHỎ MÀ CÓ VÕ!
Chào năm mới, Lớp Học Mật Ngữ sẽ trình làng một phiên bản siêu xịn sò: Nhẹ ví hơn, phát hành đều đặn hơn và gay cấn hơn, cùng khám phá nhé!
Thì ra mùa Xuân hoa nở là vì Lớp Học Mật Ngữ MỚI
",20750,Lớp Học Mật Ngữ Phiên Bản Mới - Tập 1,"Giáo dục, Thiếu nhi"
51,Bạch Tô,"“Nếu ngay bây giờ bạn có một ước mơ, hãy im lặng, dốc toàn lực để hành động. Hãy nhớ rằng, nếu hôm nay không đi nhanh một chút, có thể ngày mai sẽ phải chạy, ngày kia có thể không thấy rõ phương hướng phía trước nữa. Sao cứ phải bận tâm ước mơ có thành hiện thực hay không? Hãy cứ tiến lên phía trước, chạy nhanh lên phía trước là được rồi!”",71800,Hãy Khiến Tương Lai Biết Ơn Vì Hiện Tại Bạn Đã Cố Gắng Hết Mình,"Self-help, Văn học"
21,Bồ Tùng Linh,"Liêu Trai Chí Dị là bộ truyện cực kỳ nổi tiếng của Trung Quốc từ vài trăm năm nay. Nổi tiếng bởi vì kì lạ, vì hay và vô cùng đặc sắc. Hoàn toàn không phải truyện ma quái kinh dị huyền hoặc cốt thoải trí tò mò cho những kẻ chuộng cảm giác mạnh, hay hù dọa những người yếu bóng vía. Mà là chuyện về kiếp người, về chính cõi nhân sinh: sâu xa lý trí, chất chứa tình cảm...",130500,Liêu Trai Chí Dị,"Bí ẩn, Kinh dị"
22,C.J.Cooke,"Trong khu rừng cổ xưa cạnh lâu đài giàu có nhất biên giới Scotland, một cô gái nằm thiếp đi trên nền đất rừng. Trong giấc chiêm bao, cô mơ thấy mình đang được viếng thăm bởi một sinh vật gớm ghiếc và xấu xa, già nua như Trái đất và uốn éo như một dải dây leo. Toàn thân nó đang nhễu xuống những giọt chất lỏng màu đen đặc. Chín tuần trăng qua đi, cô gái bỗng dưng chuyển dạ mặc dù chưa từng ăn nằm với bất kỳ người đàn ông nào hết.",123370,Khu Rừng Ma Ám,"Bí ẩn, Kinh dị"
74,Cao Công Thành,"“Cách Mạng Bản Thân” là lời giải thích sâu sắc về con người hiện tại của bạn từ đó ngay lập tức giúp bạn dừng lại để thay đổi cách suy nghĩ, tư duy, hành vi của mình. Nó cũng có thể là lời thôi thúc khiến bạn phải đứng dậy và bắt đầu một điều gì mới mẻ, một lần dám nghĩ cho cuộc đời mình thêm trọn vẹn. Đây không phải cuốn sách sẽ giúp bạn thành công tức thời tuy nhiên có một điều chắc chắn rằng nó sẽ là những tư duy đúng để bạn tự thân phát triển chính mình từ năng lực bên trong, song đạt được sự thành công một cách bền vững. Cuốn sách là lời giải mã chân thật để bạn định hình lại, làm chủ cuộc sống và trở thành lãnh đạo cho chính cuộc đời của mình.",178200,Cách Mạng Bản Thân,Self-help
19,Chan-Ho-Kei,"Diệp – nhân vật chính của tác phẩm – là một cậu sinh viên mới chân ướt chân ráo buổi đầu đến ký túc xá một trường đại học để nhận phòng tại Norfolk. Nhưng ngay đêm đầu tiên chuyển vào ký túc xá, cậu và nhóm bạn đã bị “nhắm tới”. Có lẽ họ không nên bàn tán về những truyền thuyết kinh hoàng trong ký túc xá vào lúc nửa đêm, không nên khám phá căn hầm, nơi người ta đồn đại có một quý tộc người Anh đã thực hiện các nghi lễ ma quỷ từ trăm năm trước, càng không nên liều lĩnh chơi trò chơi gọi hồn ở nơi ấy.",153430,Dê Mắt Quỷ,"Kinh dị, Bí ẩn"
71,Daisaku Ikeda,"Khi mùa đông về trên Xứ Tuyết cũng là lúc những trận gió Bắc buốt giá nổi lên và những bông tuyết theo nhau rơi xuống. Giữa cái lạnh của mùa đông khắc nghiệt, hai anh em bé bỏng Mario và Kazuo tình cờ gặp được “Hoàng tử Xứ Tuyết”. Hai anh em học được “tinh thần không bao giờ bỏ cuộc” và hiểu được “cảm giác chịu đựng nỗi buồn”.",34000,Hoàng Tử Xứ Tuyết,"Văn học, Phiêu lưu"
68,Đào Nguyên Khánh,"Quân đội Tây Sơn dưới sự lãnh đạo của thiên tài quân sự Quang Trung - Nguyễn Huệ đã giành nhiều chiến thắng lẫy lừng. Độc giải từng nghe nhiều về trận Rạch Gầm - Xoài Mút hay chiến dịch đại phá quân Thanh, nhưng nguyên nhân đằng sau những chiến thắng đó thì ít ai hiểu rõ. Sách giúp mổ xẻ những chiến thắng đó bằng những thông tin và gần 250 hình ảnh minh họa từ những nguồn tư liệu trong và ngoài nước. Ngoài tư duy quân sự cách tân, những chiến thuật mưu trí và sự xông pha đi đầu trong trận mạc của Nguyễn Huệ, quân đội với tổ chức quy củ và hiện đại gồm bộ binh, tượng binh, thủy binh, lực lượng có sự tham gia đông đảo của người Thượng, người Chăm, vũ khí sử dụng hỏa khí là trung tâm đã giúp quân đội Tây Sơn có được sức mạnh vượt trội.",297000,Quân Đội Tây Sơn - Lịch Sử Bằng Hình Ảnh,"Hành động, Lịch sử"
73,Emmanuel Macron,"Vậy phải thay đổi những gì để làm được một cuộc cách mạng dân chủ sâu sắc? Tân Tổng thống Pháp, trong hơn 250 trang sách đã đưa ra những kiến giải và giải pháp về tất cả các lĩnh vực của đời sống: từ việc làm, kinh tế, giáo dục, y tế, an sinh xã hội, đến môi trường, ngoại giao, quân sự và cải tổ cơ cấu hành chính. Đặc biệt, một quan điểm xuyên suốt của Macron trong Cách mạng là số mệnh nước Pháp gắn liền với khả năng hồi phục sức mạnh của Liên minh châu Âu: “Chúng ta sẽ chỉ có thể thành công với hai điều kiện. Một là phát triển lại mô hình châu Âu, đây là cơ hội của chúng ta trong bối cảnh toàn cầu hóa. Hai là lấy lại niềm tin vào chính mình”. Và không chỉ nói suông, trong cuốn sách này, ông thật sự đã vạch ra một viễn cảnh rõ ràng để hồi phục Liên minh châu Âu.",89600, Cách Mạng,"Kinh tế, Giáo dục"
81,Gladys Hunt,"Bạn có muốn mở rộng thế giới của mình? Cảm nhận nhiều hơn, hiểu biết nhiều hơn, đi đến thật nhiều vùng đất thú vị? Mật ngọt cho tâm hồn phụ nữ là cuốn sách dành tặng những người phụ nữ bận rộn muốn có một thế giới quan rộng lớn hơn, đồng thời là động lực để phát triển cả về trí tuệ lẫn cảm xúc. ",87750,Mật Ngọt Cho Tâm Hồn Phụ Nữ,Self-help
47,Hae Min,"Đại đức Hae Min sinh ra và lớn lên tại Hàn Quốc. Sau khi hoàn thành bằng Thạc sĩ Tôn giáo học đối chiếu ở Đại học Havard và Tiến sĩ Tôn giáo học ở Đại học Princeton, ông ở lại Mỹ tham gia giảng dạy về tôn giáo ở trường Đại học Hampshire, Massachusetts. Không chỉ dừng lại ở nghiên cứu lý thuyết, mùa xuân năm 2000 ông quyết định xuất gia theo tông phái Tào Khê, một tông phái tiêu biểu của Phật giáo Hàn Quốc. Năm 2015, Đại đức Hae Min trở về Seoul, cùng nhiều chuyên gia mở trường Trị liệu tâm hồn, điều trị miễn phí cho những người gặp bất hạnh trong cuộc sống hay đang mang trong lòng nhiều khổ tâm. Đại đức Haemin là một trong những người rất có ảnh hưởng tới giới trẻ Hàn Quốc, trang Twitter cá nhân () của ông hiện có tới hơn một triệu người theo dõi. Sách cùng tác giả: - Những vỡ lẽ của tuổi trẻ - Yêu lấy những điều không hoàn hảo.",98500,Yêu Những Điều Không Hoàn Hảo,"Văn học, Self-help"
69,Hayashi Fumiko,"Với mỗi truyện ngắn trong ""Phố tuyết"", bạn đọc sẽ gặp những con người sống những cảnh đời riêng.",73950,Phố Tuyết,"Văn học, Lãng mạn"
79,Hội Liên Hiệp Phụ Nữ Việt Nam,"Nhân dịp kỷ niệm 90 năm thành lập Hội liên hiệp Phụ nữ Việt Nam và ngày Phụ nữ Việt Nam (20/10/2020), Hội liên hiệp Phụ nữ Việt Nam xuất bản cuốn sách Phụ nữ Việt Nam- Những khoảnh khắc. Cuốn sách đã thể hiện được quá khứ hào hùng và hiện tại vinh quang của phụ nữ Việt Nam. Dù ở giai đoạn lịch sử nào, phụ nữ Việt Nam luôn luôn nỗ lực để khẳng định vai trò và vị thế của mình trên mọi lĩnh vực: văn hóa, xã hội, kinh tế, chính trị, an ninh, quốc phòng,… góp phần xây dựng đất nước ngày càng phát triển và hội nhập sâu rộng. Đây là một cuốn sách vô cùng ấn tượng được xuất bản bằng hình thức song ngữ Anh-Việt, kèm theo hình ảnh sống động, ghi lại những khoảnh khắc đẹp trong cuộc hành trình suốt 90 năm mà phụ nữ Việt Nam, Hội LHPN Việt Nam đã chung tay cùng cả nước tạo nên sức mạnh, niềm tin, tự nào và vị thế Việt Nam, để đất nước vững bước hội nhập với tư thế của một quốc gia bình yên và hạnh phúc.",269000,Phụ Nữ Việt Nam - Những Khoảnh Khắc,"Lịch sử, Giáo dục"
56,J.K.Rowling,"Đây là năm thứ 6 của Harry Potter tại trường Hogwarts. Trong lúc những thế lực hắc ám của Voldemort gieo rắc nỗi kinh hoàng và sợ hãi ở khắp nơi, mọi chuyện càng lúc càng trở nên rõ ràng hơn đối với Harry, rằng cậu sẽ sớm phải đối diện với định mệnh của mình. Nhưng liệu Harry đã sẵn sàng vượt qua những thử thách đang chờ đợi phía trước?
Trong cuộc phiêu lưu tăm tối và nghẹt thở nhất của mình, J.K.Rowling bắt đầu tài tình tháo gỡ từng mắc lưới phức tạp mà cô đã mạng lên, cũng là lúc chúng ta khám phá ra sự thật về Harry, cụ Dumblebore, thầy Snape và, tất nhiên, Kẻ Chớ Gọi Tên Ra…",163000,Harry Potter và Hoàng tử Lai,"Hành động, Phiêu lưu"
55,J.K.Rowling,"Harry khổ sở mong ngóng cho kì nghỉ hè kinh khủng với gia đình Dursley kết thúc. Nhưng một con gia tinh bé nhỏ tội nghiệp đã cảnh báo cho Harry biết về mối nguy hiểm chết người đang chờ cậu ở trường Hogwarts.

Trở lại trường học, Harry nghe một tin đồn đang lan truyền về phòng chứa bí mật, nơi cất giữ những bí ẩn đáng sợ dành cho giới phù thủy có nguồn gốc Muggle. Có kẻ nào đó đang phù phép làm tê liệt mọi người, khiến họ gần như đã chết, và một lời cảnh báo kinh hoàng được tìm thấy trên bức tường. Mối nghi ngờ hàng đầu – và luôn luôn sai lầm – là Harry. Nhưng một việc còn đen tối hơn thế đã được hé mở.",153000,Harry Potter Và Phòng Chứa Bí Mật,"Hành động, Phiêu lưu"
57,J.K.Rowling,"Harry Potter đang chuẩn bị rời khỏi nhà Dursley và đường Privet Drive trong thời khắc cuối cùng. Tuy nhiên, tương lai Harry đầy rẫy hiểm nguy, không chỉ cho cậu mà cả những người gần gũi – và Harry đã mất mát quá nhiều. Chỉ bằng cách tiêu hủy những Trường Sinh Linh Giá, Harry Potter mới có thể tự cứu mình và vượt qua những thế lực đen tối của Chúa tể hắc ám.

Ở phần kết đầy kịch tính của loạt truyện Harry Potter này, Harry phải để những người bạn trung thành nhất ở lại tuyến sau để dấn thân vào cuộc hành trình nguy hiểm cuối cùng hòng tìm kiếm sức mạnh và đối mặt với số phận đáng sợ của cậu: một cuộc chiến sinh tử và đơn độc.",187000,Harry Potter và bảo bối tử thần,"Hành động, Phiêu lưu"
54,J.K.Rowling,"Harry Potter may mắn sống sót đến tuổi 13, sau nhiều cuộc tấn công của Chúa tể hắc ám.

Nhưng hy vọng có một học kỳ yên ổn với Quidditch của cậu đã tiêu tan thành mây khói khi một kẻ điên cuồng giết người hàng loạt vừa thoát khỏi nhà tù Azkaban, với sự lùng sục của những cai tù là giám ngục.

Dường như trường Hogwarts là nơi an toàn nhất cho Harry lúc này. Nhưng có phải là sự trùng hợp khi cậu luôn cảm giác có ai đang quan sát mình từ bóng đêm, và những điềm báo của giáo sư Trelawney liệu có chính xác?",174000,Harry Potter Và Tên Tù Nhân Ngục Azkaban,"Hành động, Phiêu lưu"
58,J.K.Rowling,"Harry tức giận vì bị bỏ rơi ở nhà Dursley trong dịp hè, cậu ngờ rằng Chúa tể hắc ám Voldemort đang tập hợp lực lượng, và vì cậu có nguy cơ bị tấn công, những người Harry luôn coi là bạn đang cố che giấu tung tích cậu. Cuối cùng, sau khi được giải cứu, Harry khám phá ra rằng giáo sư Dumbledore đang tập hợp lại Hội Phượng Hoàng – một đoàn quân bí mật đã được thành lập từ những năm trước nhằm chống lại Chúa tể Voldemort. Tuy nhiên, Bộ Pháp thuật không ủng hộ Hội Phượng Hoàng, những lời bịa đặt nhanh chóng được đăng tải trên Nhật báo Tiên tri – một tờ báo của giới phù thủy, Harry lo ngại rằng rất có khả năng cậu sẽ phải gánh vác trách nhiệm chống lại cái ác một mình.",347000,Harry Potter Và Hội Phượng Hoàng,"Hành động, Phiêu lưu"
53,J.K.Rowling,"Khi một lá thư được gởi đến cho cậu bé Harry Potter bình thường và bất hạnh, cậu khám phá ra một bí mật đã được che giấu suốt cả một thập kỉ. Cha mẹ cậu chính là phù thủy và cả hai đã bị lời nguyền của Chúa tể Hắc ám giết hại khi Harry mới chỉ là một đứa trẻ, và bằng cách nào đó, cậu đã giữ được mạng sống của mình. Thoát khỏi những người giám hộ Muggle không thể chịu đựng nổi để nhập học vào trường Hogwarts, một trường đào tạo phù thủy với những bóng ma và phép thuật, Harry tình cờ dấn thân vào một cuộc phiêu lưu đầy gai góc khi cậu phát hiện ra một con chó ba đầu đang canh giữ một căn phòng trên tầng ba. Rồi Harry nghe nói đến một viên đá bị mất tích sở hữu những sức mạnh lạ kì, rất quí giá, vô cùng nguy hiểm, mà cũng có thể là mang cả hai đặc điểm trên.",105000,Harry Potter và Hòn đá phù thủy,"Hành động, Phiêu lưu"
34,James Clear,"Một thay đổi tí hon có thể biến đổi cuộc đời bạn không?
Hẳn là khó đồng ý với điều đó. Nhưng nếu bạn thay đổi thêm một chút? Một chút nữa? Rồi thêm một chút nữa? Đến một lúc nào đó, bạn phải công nhận rằng cuộc sống của mình đã chuyển biến nhờ vào một thay đổi nhỏ…
Và đó chính là sức mạnh của thói quen nguyên tử.",147420,Thay Đổi Tí Hon Hiệu Quả Bất Ngờ,"Khoa học, Self-help, Giáo dục"
7,Jennifer Bradbery,"The Oxford Advanced Learner's Dictionary is the world's bestselling advanced level dictionary for learners of English.

Now in its 10th edition, the Oxford Advanced Learner's Dictionary, or OALD, is your complete guide to learning English vocabulary with definitions that learners can understand, example sentences showing language in use, and the new Oxford 3000 (TM) and Oxford 5000 (TM) word lists providing core vocabulary that every student needs to learn.",533900,Oxford Advanced Learner's Dictionary: Paperback,"Giáo dục, Ngoại ngữ"
1,Jordan B Peterson,"12 Quy luật cuộc đời: Thần dược cho cuộc sống hiện đại” của Jordan B. Peterson đem đến cho người đọc 12 nguyên lý mà tác giả cho là phép màu giữa cuộc sống đầy hỗn độn hiện nay. Việc hiểu được thế giới đã từng như thế nào, hiện nay đang ra sao và ngày mai có thay đổi gì hoàn toàn không phải là mục đích, mà chỉ là phương tiện; mục đích là biết phải ứng xử thế nào trước thế giới ấy. Các quy luật của Jordan Peterson sẽ dẫn dắt bạn đi trên con đường tìm ra các lựa chọn ứng xử phù hợp nhất.",195000,12 Quy Luật Cuộc Đời: Thần Dược Cho Cuộc Sống Hiện Đại,"Self-help, Giáo dục"
39,Kim Dung,"Bối cảnh tiểu thuyết lấy vào cuối thời nhà Nguyên, hơn 100 năm sau sự kiện trên đỉnh Hoa Sơn trong Thần Điêu Hiệp Lữ, lúc này nhà Nguyên đang bị suy yếu bởi các cuộc khởi nghĩa và vì sự xa hoa lãng phí của triều đình. Truyện xoay quanh Trương Vô Kỵ và mối tình phức tạp với 4 cô gái. Bên cạnh đó là những âm mưu thủ đoạn đầy máu tanh trên giang hồ nhằm chiếm đoạt 2 món báu vật là Đồ Long đao và Ỷ Thiên kiếm, với lời đồn nếu tìm được bí mật trong đao kiếm sẽ hiệu triệu được thiên hạ.",1039500,Combo Ỷ Thiên Đồ Long Kí (Trọn Bộ 3 Cuốn),"Hành động, Văn học, Kiếm hiệp"
40,Kim Dung,"Mang nhiều màu sắc riêng biệt so với các bộ tiểu thuyết kiếm hiệp khác của Kim Dung, Lộc Đỉnh Ký không phản ánh cuộc sống của các nhân vật võ lâm với các mâu thuẫn cá nhân hay phe phái giữa họ mà phản ánh đời sống xã hội Trung Hoa đầu đời Thanh với các mâu thuẫn chính trị - văn hóa có thật của lịch sử.",970000,Lộc Đỉnh Ký (BỘ 3 TẬP),"Văn học, Hành động, Lịch sử, Phiêu lưu"
37,Kim Dung,"Thiên Long Bát Bộ lấy bối cảnh thời Tống Triết Tông giai đoạn đánh dấu chế độ phong kiến Trung Quốc chuyển từ thịnh sang suy. Sáu nước: Lý, Tống, Liêu, Kim, Yên lúc thì liên kết đồng minh, lúc lại nhòm ngó, thôn tính lẫn nhau. Trong mớ bòng bong mâu thuẫn ấy, nổi bật lên xung đột hai nước Tống – Liêu với đỉnh điểm tập trung vào Tiêu Phong - nhân vật có số phận tận cùng bất hạnh và nhân cách tuyệt vời cao thượng. Có thể nói, với hình tượng Tiêu Phong và sự hy sinh cao cả của chàng trên Nhạn Môn Quan, Thiên Long Bát Bộ đã vượt qua giới hạn của tiểu thuyết lịch sử truyền thống, đồng thời cũng vượt qua giới hạn của tiểu thuyết võ hiệp, làm nên đỉnh cao trong sự nghiệp của Kim Dung.",1176000,Thiên Long Bát Bộ ( Trọn Bộ 3 Cuốn),"Văn học, Kiếm hiệp, Hành động"
38,Kim Dung,"Tiếu Ngạo Giang HồNội dung bộ truyện xoay quanh những đề tài về tình bạn, tình yêu, sự dối trá, phản bội, những âm mưu và cả ham muốn quyền lực. Trung tâm của toàn bộ cốt truyện là nhân vật chính Lệnh Hồ Xung, một đệ tử của chưởng môn phái Hoa Sơn Nhạc Bất Quần.",1131900,Tiếu Ngạo Giang Hồ (Bộ 3 quyển),"Văn học, Hành động, Kiếm hiệp"
50,Kuroyanagi Tetsuko,"Totto-chan bên cửa sổ là cuốn sách gối đầu giường của nhiều thế hệ trẻ em trên toàn thế giới suốt ba mươi năm nay. Sau khi xuất bản lần đầu vào năm 1981, cuốn sách đã gây được tiếng vang lớn không chỉ ở Nhật Bản mà còn trên toàn thế giới. Tính đến năm 2001, tổng số bản sách bán ra ở Nhật đã lên đến 9,3 triệu bản, trở thành một trong những cuốn sách bán chạy nhất trong lịch sử ngành xuất bản nước này. Cuốn sách đã được dịch ra 33 thứ tiếng khác nhau, như Anh, Pháp, Đức, Hàn Quốc, Trung Quốc…Khi bản tiếng Anh của Totto-chan được xuất bản tại Mỹ, tờ New York Times đã đăng liền hai bài giới thiệu trọn trang, một “vinh dự” hầu như không tác phẩm nào có được.",67000,Totto - Chan Bên Cửa Sổ,"Self-help, Văn học, Thiếu nhi"
36,Liberty Vittert,"Khoa học dữ liệu (Data science) là một hệ sinh thái nhân tạo mới trong kỉ nguyên thông tin hiện đại, bao gồm từ việc tìm ra tội phạm đến dự đoán dịch bệnh. Nhưng bạn có biết rằng nó không phải chỉ là lượng thông tin khổng lồ được thu thập bởi máy tính, điện thoại thông minh và thẻ tín dụng?",108500,30 Giây Khoa Học Dữ Liệu,"Khoa học, Giáo dục"
41,Lois N. Magner,"Cuốn lịch sử Y học viết về sự phát triển của ngành nghề chăm sóc sức khỏe con người qua các thời đại và ở các nền văn hóa khác nhau. Khác một chút với việc đọc các bài viết về Lịch sử, hoặc lịch sử các ngành khoa học như Vật lý, Toán học hay Sinh học, là những việc nghiêng về sở thích riêng của từng người, việc đọc cuốn Lịch sử Y học, nên là nhu cầu của tất cả con người có khát khao sống khỏe mạnh và có ý nghĩa.",306000,Lịch Sử Y Học,"Lịch sử, Giáo dục"
82,Lương y Hoàng Duy Tân,"Bước vào y học Đông phương, người đọc có cảm giác như bước vào “rừng y” mênh mông với những danh từ mang nhiều ý niệm trừu tượng hơn là thực tiễn như Âm dương, Ngũ hành, Tạng tượng... làm cho người đọc cảm thấy khó tiếp thu, khó chấp nhận.",153000,Y Lý Y Học Cổ Truyền,Giáo dục
18,M. Scott Peck,"Có lẽ không quyển sách nào trong thế kỷ này có tác động sâu sắc đến đời sống trí tuệ và tinh thần của chúng ta hơn Con Đường Chẳng Mấy Ai Đi. Với doanh số trên 10 triệu bản in trên toàn thế giới và được dịch sang hơn 25 ngôn ngữ, đây là một hiện tượng trong ngành xuất bản, với hơn mười năm nằm trong danh sách Best-sellers của New York Times.",107250,Con Đường Chẳng Mấy Ai Đi,"Văn học, Giáo dục"
35,Matthew Walker,"Là cuốn sách về giấc ngủ đầu tiên được viết bởi chính một chuyên gia khoa học hàng đầu, giám đốc Trung tâm về Khoa học Giấc ngủ Con người của trường Đại học California, Berkeley, Sao chúng ta lại ngủ trở thành một cuộc khám phá mang tính đột phá về giấc ngủ, giải thích việc chúng ta có thể khai thác được sức mạnh biến đổi của giấc ngủ nhằm làm thay đổi cuộc sống của chúng ta trở nên tốt đẹp hơn như thế nào.
Là cuốn sách về giấc ngủ đầu tiên được viết bởi chính một chuyên gia khoa học hàng đầu, giám đốc Trung tâm về Khoa học Giấc ngủ Con người của trường Đại học California, Berkeley, Sao chúng ta lại ngủ trở thành một cuộc khám phá mang tính đột phá về giấc ngủ, giải thích việc chúng ta có thể khai thác được sức mạnh biến đổi của giấc ngủ nhằm làm thay đổi cuộc sống của chúng ta trở nên tốt đẹp hơn như thế nào.",179280,Sao Chúng Ta Lại Ngủ,"Self-help, Khoa học"
23,Maurice Leblanc,"Khám phá những cuộc phiêu lưu của siêu trộm quân tử nổi tiếng!
Một tác phẩm kinh điển tuyệt vời của văn học trinh thám Pháp được làm mới với phiên bản minh họa đẹp mắt của họa sĩ Vincent Mallié.",112000,Siêu Trộm Quân Tử - Arsène Lupin,"Hành động, Trinh thám"
5,Michael Bungay Stanier,"Nội dung chính của cuốn sách 7 câu hỏi “thần kỳ” của mọi sếp giỏi này là 7 câu hỏi “thần kỳ” giúp các nhà quản lý thoát khỏi 3 vòng tròn luẩn quẩn nêu trên và cải thiện cách làm việc.

Các câu hỏi này không chỉ hữu hiệu với các nhân viên bạn trực tiếp quản lý mà còn với cả khách hàng, nhà cung cấp, đồng nghiệp, sếp của bạn, vợ/chồng, con cái đang ở tuổi thiếu niên.

Bạn có thể dùng những câu hỏi này trong những cuộc họp cá nhân kiểm tra tiến độ công việc, cuộc họp nhóm làm việc hay những cuộc trò chuyện bất chợt phát sinh giữa bạn và nhân viên.",97500,"7 Câu Hỏi ""Thần Kỳ"" Của Mọi Sếp Giỏi",Giáo dục
16,Miêu Công Tử,"Bạn có đang cảm thấy bị “quá tải” với cuộc sống hiện tại không?
Hay là đang loay hoay chữa lành giữa những bộn bề không thể gác lại, chỉ trực chờ để cuốn mình đi?
Đã bao lâu rồi bạn chưa ngồi xuống viết những dòng nhật ký, đã bao lâu rồi bạn chưa tự gửi cho mình một lá thư viết ra những điều bạn mong muốn, viết ra những ước mơ còn dang dở, viết ra những khó khăn bạn đã hoặc đang phải trải qua và cũng không quên động viên, cổ vũ chính mình của hiện tại, nhắn nhủ đến chính mình của tương lai…",77220,999 Lá Thư Gửi Cho Chính Mình,Self-help
9,Napoleon Hill,"Think and Grow Rich - Nghĩ giàu và làm giàu là một trong những cuốn sách bán chạy nhất mọi thời đại. Đã hơn 60 triệu bản được phát hành với gần trăm ngôn ngữ trên toàn thế giới và được công nhận là cuốn sách tạo ra nhiều triệu phú, một cuốn sách truyền cảm hứng thành công nhiều hơn bất cứ cuốn sách kinh doanh nào trong lịch sử.",71500,Nghĩ Giàu & Làm Giàu,"Kinh tế, Self-help"
42,Nguyễn Hiến Lê,"Lịch sử thế giới là một tác phẩm biên soạn của hai tác giả Nguyễn Hiến Lê và Thiên Giang Trần Kim Bảng. Cuốn sách gần 600 trang được chắt lọc và trình bày theo một trình tự sắp xếp từ thời thượng cổ - trung cổ - thời cận đại - hiện đại.  Nội dung bao gồm nhiều phần, mỗi phần nhiều chương, sau mỗi chương đều có tóm tắt để người đọc lĩnh hội dễ dàng.",198120,Lịch Sử Thế Giới,Lịch sử
66,Nguyễn Minh Hải,"“Học tập Bác Hồ về lòng yêu thương con người là phải biến lòng nhân ái thành một bản năng, như đói thì ăn, khát thì uống, thấy con người thì biết yêu thương, không phân biệt màu da, dân tộc, giai cấp, giàu nghèo… Điều may mắn ở dân tộc ta, đất nước ta, xã hội ta vốn có lòng yêu thương con người sâu sắc. Như trong hoàn cảnh rất khó khan của cuộc chiến với dịch Covid-19 diễn ra trong nhiều tháng đầu năm 2020, nhất là trong năm 2021, nhiều người ở khắp mọi miền đất nước đã thể hiện tình yêu thương, sự sẻ chia của mình một cách tự nhiên, chân thành với những người khốn khó” (Trích Lòng nhân ái từ trong bản năng của Bác Hồ!)",99000,Đường Hồ Chí Minh Trong Tâm,Giáo dục
31,Nguyễn Nhật Ánh,"“Mùa hè không tên” là truyện dài mới nhất của nhà văn Nguyễn Nhật Ánh, với những câu chuyện tuổi thơ với vô số trò tinh nghịch, những thoáng thinh thích hồi hộp cùng vô vàn kỷ niệm. Để rồi khi những tháng ngày trong sáng của tình bạn dần qua, bọn nhỏ trong mỗi gia đình bình dị lớn lên cùng chứng kiến những giây phút cảm động của câu chuyện tình thân, nỗi khát khao hạnh phúc êm đềm, cùng bỡ ngỡ bước vào tuổi lớn nhiều yêu thương mang cả màu va vấp.",179400,Mùa Hè Không Tên,"Lãng mạn, Văn học"
29,Nguyễn Nhật Ánh,"Câu chuyện về một mùa hè ngọt ngào, những trò chơi nghịch ngợm và bâng khuâng tình cảm tuổi mới lớn. Chỉ vậy thôi nhưng chứng tỏ tác giả đúng là nhà kể chuyện hóm hỉnh, khiến đọc cuốn hút từ tựa đến trang cuối cùng, có lẽ chính vì giọng văn giản dị và trong trẻo của Nguyễn Nhật Ánh, và kết thúc thì có hậu đầy thuyết phục. Câu chuyện cho tuổi học trò, đọc xong là thấy ngập lên khao khát quay về một thời thơ bé, với tình thầy trò, bè bạn, tình xóm giềng, họ hàng, qua cách nhìn đời nhẹ nhõm, rộng lượng.",104400,Bảy Bước Tới Mùa Hè,"Lãng mạn, Văn học, Thiếu nhi"
30,Nguyễn Nhật Ánh,"Khoa từ quê ra thành phố học, tấp tểnh làm thơ được đăng báo và bắt đầu nổi tiếng trong giới học sinh. Nhờ thế, Khoa được các bạn trai trong lớp hâm mộ, nhờ làm thơ tặng em gái mình, thực tế là dùng thơ ấy tặng bạn gái hoặc người yêu. Run rủi thế nào, những bài thơ ấy được truyền tay qua một con đường vòng nào đó lại đến tay Quyên, cô gái mà Khoa thầm yêu trộm nhớ và những bài thơ làm giùm bạn bè ấy đã lấy cảm tưởng thật từ mối tình chưa ngỏ với Quyên. Sự việc ấy gây nhiều hiểu lầm và nuôi trong Khoa niềm hy vọng trước khi Khoa đối diện với sự thật.",91350,Những Cô Em Gái,"Lãng mạn, Văn học"
32,Nguyễn Nhật Ánh,"Mùa hè năm đó, Chương được bố mẹ cho về quê chơi. Ở đây, cậu được biết đến những trò chơi thú vị cùng hai đứa em con nhà dì của mình, những trò chơi mà Chương chẳng thể kiếm ở đâu được khi còn sống ở thành phố. Rồi Chương gặp Út Thêm và phải lòng cô bé, Chương thích sự nhẹ nhàng ở Út Thêm và chỉ muốn được nhìn thấy cô mỗi ngày. Ngày qua ngày, Chương đã đi qua nhiều cung bậc cảm xúc khi bắt đầu biết rung động trước một người con gái, cậu muốn dành những điều thật vui vẻ và tốt đẹp gửi đến cho cô. Chương trở lại thành phố sau những ngày hè nắng cháy, hoa cỏ may trắng muốt mọc đầy trên con đường cậu đi qua mỗi ngày để đến nhà Út Thêm bám đầy gấu quần cậu, như mối tình đầu da diết mà cậu mang trong lòng.",477000,Hạ Đỏ - Phiên Bản Màu Đặc Biệt Có Minh Họa,"Lãng mạn, Văn học"
33,Nguyễn Nhật Ánh,"Những câu chuyện nhỏ xảy ra ở một ngôi làng nhỏ: chuyện người, chuyện cóc, chuyện ma, chuyện công chúa và hoàng tử , rồi chuyện đói ăn, cháy nhà, lụt lội,... Bối cảnh là trường học, nhà trong xóm, bãi tha ma. Dẫn chuyện là cậu bé 15 tuổi tên Thiều. Thiều có chú ruột là chú Đàn, có bạn thân là cô bé Mận. Nhưng nhân vật đáng yêu nhất lại là Tường, em trai Thiều, một cậu bé học không giỏi. Thiều, Tường và những đứa trẻ sống trong cùng một làng, học cùng một trường, có biết bao chuyện chung. Chúng nô đùa, cãi cọ rồi yêu thương nhau, cùng lớn lên theo năm tháng, trải qua bao sự kiện biến cố của cuộc đời.",120000,Tôi Thấy Hoa Vàng Trên Cỏ Xanh,"Lãng mạn, Văn học"
28,Nguyễn Nhật Ánh,"Phòng trọ ba người là nơi dành cho ba chàng sinh viên Chuyên, Nhiệm, và Mẫn trú ngụ, là nơi họ chia sẻ việc học hành, những trò nghịch ngợm và chia sẻ cả những buồn vui trong đời sống tình cảm. Mẫn, chàng trai nhút nhát vốn quan niệm tình yêu là thứ “ xa xỉ phẩm”, đến lúc phải dựng lên vở kịch tình yêu với sự trợ sức của Thu Thảo, cô học trò tinh nghịch của anh. Trò chơi tưởng chỉ để góp vào không khí sôi động của căn gác trọ ấy, không ngờ đã thực sự cuốn hút chàng trai chuyên “dị ứng với phụ nữ” ấy. Khi buộc lòng phải chấm dứt với trò chơi, cũng là lúc Mẫn cảm thấy bâng khuâng như phải chia tay với tình cảm thực sự.",95700,Phòng Trọ Ba Người,"Thiếu nhi, Lãng mạn, Văn học"
27,Nguyễn Nhật Ánh,"Truyện kể về ba cô nàng tinh nghịch Xuyến, Thục và Cúc Hương dù không biết gì về tin học nhưng dám liều mình xin làm việc ở một công ty máy tính trong mấy tháng nghỉ hè. Theo chân ba cô nàng tinh nghịch, chứng kiến những tình huống khôi hài, những vụng về trong công việc cùng sự lém lỉnh của ba cô học trò “nhất quỷ nhì ma” và những rung động tình cảm đầu đời mộng mơ của họ chắc chắn sẽ làm nhiều độc giả thấy được hình ảnh của mình. Đó là một thời học sinh đầy tiếng cười, những cảm xúc buồn vui lẫn lộn và những tình cảm lãng mạn của những năm tháng cắp sách tới trường.",95700,Buổi Chiều Windows,"Lãng mạn, Thiếu nhi, Văn học"
65,Nhiều Tác Giả,"Lịch sử dân tộc sẽ mãi ghi lại hình bóng mảnh khảnh của người thanh niên 21 tuổi Nguyễn Ái Quốc khi Người bước chân xuống tàu Đô đốc Latouche Tréville ngày 5/6/1911 dấn thân đi tìm cho một hướng đi đúng đắn nhất, thích hợp nhất và đảm bảo nhất cho dân tộc trên con đường đấu tranh để tự giải phóng.Những câu chuyện về hành trình 30 năm bôn ba ở nước ngoài tìm đường cứu nước, giải phóng dân tộc của người thanh niên yêu nước Nguyễn Tất Thành - Nguyễn Ái Quốc. Những câu chuyện kể về tình cảm, sự quan tâm của Chủ tịch Hồ Chí Minh đối với thiếu niên, thanh niên nước ngoài.",56000,Chủ Tịch Hồ Chí Minh Với Tuổi Trẻ Thế Giới,"Phiêu lưu, Lịch sử"
83,Nhiều Tác Giả,"Y HỌC TÂM NGỘ là tác phẩm y học đời nhà Thanh gồm 5 quyển. Tác giả là Trình Chung Linh (tức Trình Quốc Bành). Cuốn sách hoàn thành năm Ung Chính thứ 10 (1732), nội dung lấy Bát cương biện chứng và Cương yếu của phép điều trị Bát pháp để giới thiệu có hệ thống tật bệnh của các khoa nội, phụ, ngũ quan...

Y học tâm ngộ tích lũy 30 năm tâm đắc trong nghề y, lĩnh hội những tinh hoa từ Nội kinh, Nạn kinh và các tác phẩm nổi tiếng của nhiều danh y. Tác giả biên soạn với mục đích truyền thụ cho học trò. Quyển 1 ghi chép 40 điều về y luận bao gồm bàn về Tứ chẩn, Bát cương, vận dụng Bát pháp trong điều trị. Quyển 2 phân tích chứng trị lục kinh trong Thương hàn luận. Từ quyển 3 đến quyển 5 giới thiệu tật bệnh và biện chứng luận trị những bệnh tật thường gặp trong Nội khoa, Ngoại khoa, Ngũ quan khoa, Phụ sản khoa.",256000,Y Học Tâm Ngộ,Giáo dục
48,Ocean Vuong,"Một thoáng ta rực rỡ ở nhân gian viết dưới dạng một lá thư của nhân vật chính, Chó Con, gửi cho người mẹ không biết chữ của mình. Dưới dạng những mẩu chuyện nhỏ, xen kẽ với những đoạn trữ tình ngoại đề, triết lý, và những bài thơ, cuốn sách kể câu chuyện đời không chỉ của Chó Con (tên gọi yêu do bà ngoại đặt cho, nhưng cũng là cách tất cả mọi người trong sách gọi cậu) từ thuở nhỏ đến lúc chớm trưởng thành, mà cả ba thế hệ từ bà, đến mẹ, đến cậu, một cuộc di cư dài từ làng quê Việt Nam sang đất Mỹ, cũng như câu chuyện của những thanh niên Mỹ thế hệ cậu mà đặc trưng là người bạn trai Trevor.",104000,Một Thoáng Ta Rực Rỡ Ở Nhân Gian,"Văn học, Self-help"
8,Og Mandino,"""Người Bán Hàng Vĩ Đại Nhất Thế Giới"" kể về câu chuyện của Hafid, một cậu bé chăn lạc đà nghèo, ở Jerusalem thời cổ đại.  Xuất thân là một cậu nhóc trông lạc đà cho đoàn buôn của Pathros, nhưng với quyết tâm đổi đời, muốn cải thiện vị trí của mình trong cuộc sống, Hafid luôn nuôi ước mơ được trở thành người bán hàng. Cậu tin chỉ như thế mình mới có cơ hội trở nên giàu có và thành công.",103600,Người Bán Hàng Vĩ Đại Nhất Thế Giới,Kinh tế
20,Phan Cuồng,"Nước Đại Việt triều Lý đời vua Lý Anh Tông xảy ra loạn Thân Lợi. Thân Lợi là một phù thủy cao tay có tài “mê tâm thuật”, có thể làm người ta u mê tinh thần để dễ sai khiến. Với pháp lực bẩm sinh hiếm thấy cộng thêm quá trình tu tập, Thân Lợi trở thành giáo chủ của Xương Cuồng giáo, một tà giáo thờ thần Xương Cuồng, thâu tập những kẻ chuyên luyện tà năng bằng các cách thức man rợ. Nhưng tham vọng của Thân Lợi không dừng ở đó, hắn muốn chính mình trở thành thần Xương Cuồng, để sở hữu quyền năng vô biên. Kẻ nào muốn luyện thành phép này phải tột bậc kỳ công cùng may mắn mới hội đủ các yếu tố. Thân Lợi đã chuẩn bị nhiều năm, và gần như đã có tất cả...",131040,Lý Triều Dị Truyện,"Kinh dị, Bí ẩn"
78,Rachel Ignotofsky,"Là một cuốn sách về giáo dục và được minh họa hấp dẫn, “Phụ Nữ Làm Khoa Học” đã nêu nổi bật sự đóng góp cho lĩnh vực khoa học, công nghệ, kỹ thuật, và toán học (STEM) của 50 người phụ nữ nổi tiếng từ thời cổ đại tới hiện đại. Không chỉ mang đầy tính nghệ thuật, ấn tượng, bộ sưu tập hấp dẫn này còn có hình ảnh đồ họa về những chủ đề liên quan như thiết bị phòng thí nghiệm, tỷ lệ phụ nữ đang làm việc trong lĩnh vực STEM, và một danh mục từ điển khoa học có minh họa.",197000,Phụ Nữ Làm Khoa Học,"Giáo dục, Khoa học"
70,Rensuke Oshikiri,"Rời khỏi Tokyo, Nozaki theo gia đình chuyển đến một vùng quê ngột ngạt và lạnh lẽo. Trường học nơi đây đón chào Nozaki bằng cái nhìn đầy hằn học và đủ trò thù địch của lũ bạn cùng lớp, cùng sự thờ ơ của cô giáo chủ nhiệm khi chứng kiến học sinh bị bắt nạt ngay trước mắt. Mặc kệ những điều đó, Nozaki chấp nhận nhẫn nhịn và cam chịu. Khi tuyết ngừng rơi cũng là lúc Nozaki tốt nghiệp cấp hai, cô sẽ cùng gia đình rời khỏi nơi đây để tránh xa những hiểm nguy đang rình rập. Nhưng một cơn bão tuyết đã quét ngang qua gia đình Nozaki, tàn phá mọi thứ và kéo theo đó là những sự kiện khủng khiếp xảy đến với thị trấn bé nhỏ này.",75000,Chờ Ngày Tuyết Tan,"Bí ẩn, Văn học"
24,Sir Arthur Conan Doyle,"""Tên tôi là Sherlock Holmes. Công việc của tôi là tìm hiểu những gì mà người khác không biết…""

Chỉ từ 1 giọt nước người giỏi suy luận có thể đoán ra rất nhiều chuyện liên quan đến 1 thác nước hay 1 đại dương dù họ chưa bao giờ tận mắt nhìn thấy chúng. Như vậy cuộc sống là một chuỗi mắt xích rộng lớn mà ta có thể biết đến bản chất rộng lớn của nó, nếu ta biết được một mắt xích. Như tất cả mọi khoa học khác, “suy đoán và phân tích” là 1 khoa học mà ta chỉ có thể làm chủ nó sau 1 quá trình nghiên cứu lâu dài, bền bỉ.",100500,Sherlock Holmes - Tập 1,"Văn học, Khoa học, Trinh thám"
25,Sir Arthur Conan Doyle,"""Tên tôi là Sherlock Holmes. Công việc của tôi là tìm hiểu những gì mà người khác không biết…""

Chỉ từ 1 giọt nước người giỏi suy luận có thể đoán ra rất nhiều chuyện liên quan đến 1 thác nước hay 1 đại dương dù họ chưa bao giờ tận mắt nhìn thấy chúng. Như vậy cuộc sống là một chuỗi mắt xích rộng lớn mà ta có thể biết đến bản chất rộng lớn của nó, nếu ta biết được một mắt xích. Như tất cả mọi khoa học khác, “suy đoán và phân tích” là 1 khoa học mà ta chỉ có thể làm chủ nó sau 1 quá trình nghiên cứu lâu dài, bền bỉ.",100500,Sherlock Holmes - Tập 2,"Khoa học, Văn học, Trinh thám"
26,Sir Arthur Conan Doyle,"""Tên tôi là Sherlock Holmes. Công việc của tôi là tìm hiểu những gì mà người khác không biết…""

Chỉ từ 1 giọt nước người giỏi suy luận có thể đoán ra rất nhiều chuyện liên quan đến 1 thác nước hay 1 đại dương dù họ chưa bao giờ tận mắt nhìn thấy chúng. Như vậy cuộc sống là một chuỗi mắt xích rộng lớn mà ta có thể biết đến bản chất rộng lớn của nó, nếu ta biết được một mắt xích. Như tất cả mọi khoa học khác, “suy đoán và phân tích” là 1 khoa học mà ta chỉ có thể làm chủ nó sau 1 quá trình nghiên cứu lâu dài, bền bỉ.",100500,Sherlock Holmes - Tập 3,"Trinh thám, Khoa học, Văn học"
49,Tạ Quốc Kế,"Trong cuộc sống thường ngày, chúng ta thường nổi giận vì nhiều nguyên do: công việc không suôn sẻ, chúng ta tức giận; bị người khác hiểu nhầm, chúng ta tức giận; thấy việc chướng tai gai mắt, chúng ta tức giận; không thể chấp nhận được dư luận xã hội, chúng ta tức giận. Thậm chí, chúng ta bực tức, cáu gắt, hờn dỗi, nhỏ nhen, uất ức vì thời tiết xấu, vì tiền lương thấp, vì nhà cửa bừa bộn, vì thái độ của người khác, vì những chuyện không may mà mình gặp phải. Dường như cuộc đời chúng ta là một chuỗi tức giận không hồi kết. Hãy thử tự hỏi bản thân: sau khi tức giận thì phiền não sẽ tan biến ư?",69600,Điềm Tĩnh Và Nóng Giận,Self-help
77,Thạch Lam,"“THI ĐỖ, RỒI ĐI LÀM CÔNG SỞ, đó là mục đích của cả một đời. Nhưng bây giờ Trường mới rõ cái nhỏ mọn của điều mong ước ấy. Sự sống đã cho chàng bao nhiêu bài học hay. Trường không băn khoăn vì cảnh nghèo của mình nữa. Chàng không ganh ghét với những người sang trọng, giàu có hơn chàng, - Trường nghĩ đến Quang, đến người bạn học cũ ở nhà quê, - và tự thấy mình giàu hơn họ nhiều, giàu hơn họ nhiều, giàu những tính tình tốt đẹp, những ý nghĩ đằm thắm mà những người chỉ biết đến mình không bao giờ có được.”",69400,Việt Nam Danh Tác - Ngày Mới,Văn học
64,Thép Mới,"Cuốn sách là chuyện kể về Chủ tịch Hồ Chí Minh từ khi Người trở về Tổ quốc năm 1941 trực tiếp lãnh đạo nhân dân ta khởi nghĩa giành chính quyền. Tác giả cố gắng phác thảo chân dung Chủ tịch Hồ Chí Minh ở một thời điểm lịch sử đầy biến cố và rất sôi động, khi Người sống và hoạt động cách mạng trong những hoàn cảnh cực kỳ khó khăn, gian khổ.",59400,Năng Động Hồ Chí Minh,"Giáo dục, Lịch sử"
3,Thích Nhất Hạnh,"Tri kiến về sống, chết của Thầy vô cùng vi tế và đẹp đẽ. Cũng như những điều vi tế, đẹp đẽ khác, cách thưởng thức hay nhất là thiền quán trong thinh lặng. Lòng nhân hậu và từ bi phát xuất từ suối nguồn thâm tuệ của Thiền sư Thích Nhất Hạnh là một loại thuốc chữa lành những vết thương trong trái tim chúng ta.",71500,Không Diệt Không Sinh Đừng Sợ Hãi,"Giáo dục, Self-help"
80,Thu Minh Lâm,"Một người phụ nữ, nếu có một gia đình yên ấm, một công việc ổn định, một tài khoản trong ngân hàng sẵn sàng cho những chi tiêu hằng ngày. vậy đồng nghĩa với việc đã nằm trong nhóm no đủ của thế giới. Nhưng sẽ tất thú vị và làm ta hay hơn trước đó, khi dám bước đi lối riêng để trở thành phiên bản tốt nhất của chính mình.",147000,Hành Trang Phụ Nữ Thế Kỷ 21,Giáo dục
75,Trương Thị Hòa,"Công cuộc lập hiến ở Việt Nam bắt đầu từ đầu thế kỷ XX, với sự vận động của các phong trào yêu nước đấu tranh giành độc lập, đòi dân quyền, mong có một chế độ dân chủ, tiến bộ và bộ máy cầm quyền tận tụy phục vụ nhân dân. Tất cả không ngoài yêu sách đòi chính quyền thực dân, phong kiến xây dựng Hiến pháp cho nước Việt Nam.",225000,Lịch Sử Lập Hiến Cách Mạng Việt Nam,Lịch sử
6,Trương Tiếu Hằng,"Nội dung quyển sách này xoay quanh hai vấn đề đó là “biết cách nói chuyện” và “biết giữ miệng”, thông qua 12 chương sách nói rõ cách nói chuyện với những người khác nhau, cách nói chuyện trong những trường hợp khác nhau, làm thế nào để nắm vững những kỹ năng và chừng mực để nói chuyện cho khôn khéo, những người không giỏi ăn nói làm cách nào mới có thể nói được những lời thích hợp với đúng người và đúng thời điểm, để có thể ứng phó với những trường hợp khác nhau trong giao tiếp.",126630,"Nói Chuyện Là Bản Năng, Giữ Miệng Là Tu Dưỡng, Im Lặng Là Trí Tuệ ",Self-help
67,TS Nguyễn Thanh Tú,Hồ Chí Minh - Sự Thống Nhất Cuộc Sống Và Nghệ Thuật,112500,Hồ Chí Minh - Sự Thống Nhất Cuộc Sống Và Nghệ Thuật,Giáo dục
76,Viện Kinh tế Việt Nam,"Đến hết thế kỷ XX, có thể nói, xã hội Việt Nam vẫn là một xã hội chịu sự chi phối của ba yếu tố nông thôn – nông nghiệp – nông dân. Chế độ ruộng đất là một vấn đề “hằng xuyên” trong lịch sử Việt Nam. Mọi biến động về chế độ ruộng đất đều ảnh hưởng lớn đến cấu trúc và sự phát triển của xã hội. Vì vậy, đây là mảng đề tài luôn được các nhà Sử học, Kinh tế học Việt Nam quan tâm nghiên cứu.",199000,Cách Mạng Ruộng Đất Ở Việt Nam,Lịch sử
63,Vũ Tình,Tập hợp các câu nói của Chủ tịch Hồ Chí Minh bàn về vấn đề đạo đức.,36000,Di Sản Hồ Chí Minh - Hồ Chí Minh Bàn Về Đạo Đức,Giáo dục
46,Walter Isaacson,"Cuốn sách Tiểu Sử Steve Jobs tiết lộ nhiều thông tin chưa từng được kể về Steve Jobs như tính cách cay nghiệt, kỳ dị, chuyện ông chiến đấu với bệnh ung thư, những mối quan hệ lãng mạn của ông và cuộc hôn nhân với bà Laurene Powell hay gặp cha đẻ Abdulfattah ""John"" Jandali... Và trên hết đó là quá trình ông đã gây dựng và chèo lái Apple đi đến thành công như ngày hôm nay với không ít sai lầm cũng như những ám ảnh không thôi về sự hoàn hảo. Tác phẩm vì thế đã cung cấp cho người đọc một cái nhìn sâu sắc về nhân cách và cả những thành tựu của cuộc đời Steve Jobs. Đó là một cuốn sách chứa đựng những điều Steve Jobs muốn nói với thế giới.",327770,Tiểu Sử Steve Jobs ,Tiểu sử
45,Walter Isaacson,"Tiểu sử Elon Musk là cuộc khám phá về cuộc sống và công việc của một biểu tượng thời hiện đại, mang đến những hiểu biết sâu sắc về tâm trí của một người có tầm nhìn được thúc đẩy bởi sự theo đuổi không ngừng đổi mới và tiến bộ. Đây là một cuốn sách hấp dẫn dành cho những ai quan tâm đến sự giao thoa giữa công nghệ, tinh thần kinh doanh và tâm lý con người.",364270,Tiểu Sử Elon Musk,Tiểu sử
43,Will Durant,"Những anh hùng của lịch sử là một tác phẩm cho thấy rất rõ quan điểm của Durant về việc sử gia phải đồng thời là một triết gia. Ông nỗ lực nghiên cứu, nghiền ngẫm để truy tìm những viễn tượng triết học chứa đựng trong các sự kiện lịch sử, từ các vấn đề tôn giáo, chính trị tới xã hội, chẳng hạn như đấu tranh giai cấp và thậm chí cả cuộc tranh cãi có tính thời sự hơn, về tính khả dĩ của việc để người đồng tính làm việc trong quân đội.",206700,Những Anh Hùng Của Lịch Sử,Lịch sử
44,William Lê,"Trong quan niệm của tôi về thế giới, tôi nhận thấy rằng mỗi cá thể xúc cảm, mỗi một giọt ủy mị đều quý giá vô ngần. Xuyên suốt những tháng ngày tôi sống (dẫu chưa dài), tôi đã tích lượm và giần sàng từng hột trấu thóc trải nghiệm, phơi vò rồi rang sấy để phôi thai ý niềm dâng hiến thi ca. Có hạt tròn trịa, hoặc lửng lép; có hạt nhạt hoét, hoặc béo bùi - y hệt muôn gam sắc tình tự tôi dồn tụ và nén dằn vào tập Mảnh Trăng Thơ.",98100,Mảnh Trăng Thơ,Thơ
